Optimization;Execution_Time
1;4.0017499923706055
2;3.793898105621338
3;4.123265743255615
4;4.712459087371826
5;4.6946868896484375
