Hypervolume;Run
1.5794562284745763;0
1.5794562284745763;1
1.5794562284745763;2
1.6280196888135592;3
1.6455595254237287;4
1.6953445694915255;5
