Optimization;Execution_Time
1;8.228630781173706
2;6.873234987258911
3;9.62132716178894
4;9.672356843948364
5;9.23421311378479
