Hypervolume;Run
1.7941939430508476;0
1.7941939430508476;1
1.7941939430508476;2
1.7941939430508476;3
1.7941939430508476;4
1.7941939430508476;5
