Optimization;Execution_Time
1;2.7189950942993164
2;2.179625988006592
3;2.456892967224121
4;8.653596878051758
5;8.556565046310425
