Hypervolume;Run
1.5413303728813559;0
1.5413303728813559;1
1.5413303728813559;2
1.5413303728813559;3
1.5413303728813559;4
1.5629034576271186;5
