Optimization;Execution_Time
1;7.0835840702056885
2;6.153014898300171
3;3.6955647468566895
4;6.447248697280884
5;3.1152749061584473
