Hypervolume;Run
0.8099910793933986;0
0.8099910793933986;1
0.8099910793933986;2
0.8099910793933986;3
0.8099910793933986;4
0.8099910793933986;5
