Optimization;Execution_Time
1;11.143273830413818
2;7.042882204055786
3;8.735544204711914
4;10.91670298576355
5;9.976694822311401
