Hypervolume;Run
1.5780889491525425;0
1.5780889491525425;1
1.5780889491525425;2
1.5988348698305086;3
1.5988348698305086;4
1.6353663349152543;5
