Optimization;Execution_Time
1;1.916214942932129
2;0.9885368347167969
3;0.5810940265655518
4;0.33032703399658203
5;0.3009510040283203
