Hypervolume;Run
2.5649717514124295;0
2.5649717514124295;1
2.5649717514124295;2
2.9305237740112995;3
2.9305237740112995;4
3.2472054485875708;5
