Optimization;Execution_Time
1;2.574518918991089
2;1.1461162567138672
3;1.2104768753051758
4;0.680588960647583
5;1.2492492198944092
