Hypervolume;Run
2.5649717514124295;0
2.5649717514124295;1
2.8861172542372886;2
2.8861172542372886;3
2.8861172542372886;4
2.8861172542372886;5
