Optimization;Execution_Time
1;3.047260284423828
2;8.430416107177734
3;10.774818897247314
4;9.007748126983643
5;4.1401379108428955
