Hypervolume;Run
1.7174404955932203;0
1.7174404955932203;1
1.7174404955932203;2
1.7174404955932203;3
1.7174404955932203;4
1.7174404955932203;5
