Optimization;Execution_Time
1;8.915056943893433
2;7.349453687667847
3;8.078275680541992
4;3.6027510166168213
5;7.54022216796875
