Hypervolume;Run
2.894938394576271;0
2.897945322033898;1
2.897945322033898;2
2.897945322033898;3
2.8996401694915255;4
2.8996401694915255;5
