Optimization;Execution_Time
1;7.110835075378418
2;27.00755214691162
3;30.209691047668457
4;9.84143590927124
5;9.71799612045288
