Hypervolume;Run
3.7724622;0
3.7724622;1
3.7724622;2
3.7724622;3
3.7724622;4
3.7724622;5
