Optimization;Execution_Time
1;5.576932907104492
2;9.601544857025146
