Hypervolume;Run
2.0824169491525426;0
2.7295163118644066;1
