Optimization;Execution_Time
1;10.395517349243164
2;10.907181024551392
3;5.079997777938843
4;6.975762844085693
5;6.20167088508606
6;9.204647779464722
7;9.063312768936157
8;10.324404954910278
