Optimization;Execution_Time
1;8.792240858078003
2;7.528712034225464
3;6.256747722625732
4;2.981868028640747
5;19.120495796203613
