Hypervolume;Run
1.7689091674576272;0
1.7689091674576272;1
1.7689091674576272;2
1.7689091674576272;3
1.7689091674576272;4
1.7689091674576272;5
