Optimization;Execution_Time
1;15.249258041381836
2;7.118795156478882
3;6.931756973266602
4;7.227280139923096
5;18.11058020591736
