Hypervolume;Run
1.747718847457627;0
1.747718847457627;1
1.799709513898305;2
1.799709513898305;3
1.799709513898305;4
1.799709513898305;5
