Optimization;Execution_Time
1;7.912554979324341
2;8.021233797073364
3;7.3843772411346436
4;7.9733850955963135
5;28.470836877822876
