Hypervolume;Run
1.805181559322034;0
1.805181559322034;1
1.805181559322034;2
1.8146182922033898;3
1.8146182922033898;4
1.8146182922033898;5
