Optimization;Execution_Time
1;1.2241783142089844
2;0.6502358913421631
3;0.2784452438354492
4;0.4426150321960449
5;0.6057701110839844
