Hypervolume;Run
2.5649717514124295;0
2.5649717514124295;1
2.5649717514124295;2
2.959493062146893;3
3.309529966101695;4
3.309529966101695;5
