Optimization;Execution_Time
1;7.918813943862915
2;2.964750051498413
3;7.837347030639648
4;7.532349109649658
5;7.770301818847656
