Hypervolume;Run
2.9936063050847457;0
2.9936063050847457;1
3.049931953220339;2
3.049931953220339;3
3.049931953220339;4
3.049931953220339;5
