Optimization;Execution_Time
1;7.312331199645996
2;3.0696120262145996
3;6.221328258514404
4;2.463974952697754
5;9.208185911178589
