Hypervolume;Run
1.717923273898305;0
1.717923273898305;1
1.7339829267796611;2
1.7339829267796611;3
1.7339829267796611;4
1.7339829267796611;5
