Optimization;Execution_Time
1;4.005190849304199
2;8.081918239593506
3;8.788240909576416
4;8.826587200164795
5;8.562772989273071
