Hypervolume;Run
2.1193181099732383;0
2.1193181099732383;1
2.1193181099732383;2
2.1193181099732383;3
2.1193181099732383;4
2.119912131739518;5
