Optimization;Execution_Time
1;1.8270421028137207
2;1.0619120597839355
3;0.7799468040466309
4;0.9240200519561768
5;0.9915518760681152
