Hypervolume;Run
2.5649717514124295;0
2.5649717514124295;1
2.5649717514124295;2
2.5649717514124295;3
2.893739186440678;4
2.893739186440678;5
