Optimization;Execution_Time
1;7.298342943191528
2;4.338994979858398
