Hypervolume;Run
2.138693404067797;0
2.1620275938983053;1
