Optimization;Execution_Time
1;1.8446969985961914
2;0.9329609870910645
3;0.25597596168518066
4;1.099778652191162
5;0.8574490547180176
