Hypervolume;Run
2.5649717514124295;0
2.5649717514124295;1
2.5649717514124295;2
2.919399510508475;3
2.919399510508475;4
2.919399510508475;5
