Optimization;Execution_Time
1;37.97086524963379
2;49.972758054733276
3;57.621262311935425
4;51.89811682701111
5;40.62963795661926
