Hypervolume;Run
7.484284210526315;0
7.558144028526316;1
7.558144028526316;2
7.559399566972982;3
7.559592315859649;4
7.559592315859649;5
