Optimization;Execution_Time
1;8.204791069030762
2;4.9598448276519775
