Hypervolume;Run
1.730252706440678;0
1.730252706440678;1
