Optimization;Execution_Time
1;23.407375812530518
2;21.12947702407837
3;22.382466793060303
4;26.38518714904785
5;25.796989917755127
