Hypervolume;Run
3.7431717;0
3.7431717;1
3.7431717;2
3.7744700196666665;3
3.7744700196666665;4
3.7744700196666665;5
