Optimization;Execution_Time
1;20.45130705833435
2;20.15953516960144
3;26.255323886871338
4;15.523221969604492
5;22.745908975601196
