Hypervolume;Run
7.4858510413333335;0
7.4858510413333335;1
7.4858510413333335;2
7.4858510413333335;3
7.4858510413333335;4
7.4858510413333335;5
