Optimization;Execution_Time
1;1.0552668571472168
2;0.560114860534668
3;0.28882479667663574
4;0.39758992195129395
5;0.41745591163635254
