Hypervolume;Run
2.5649717514124295;0
2.5649717514124295;1
2.5649717514124295;2
2.5649717514124295;3
2.9001708564971755;4
2.9001708564971755;5
