Optimization;Execution_Time
1;6.574136018753052
2;6.942829132080078
3;7.729602098464966
4;2.9066858291625977
5;2.8296632766723633
