Hypervolume;Run
1.8497180545941123;0
1.9126494743264941;1
2.590317406529884;2
2.590317406529884;3
2.590317406529884;4
2.590317406529884;5
