Optimization;Execution_Time
1;22.431296825408936
2;11.760920763015747
3;25.05049705505371
4;20.436261892318726
5;29.014063119888306
