Hypervolume;Run
3.7510335333333336;0
3.7510335333333336;1
3.7510335333333336;2
3.7510335333333336;3
3.7510335333333336;4
3.7510335333333336;5
